Unnamed: 0,spotify_track_id,song_title,label,emotion,session_type,subject_id,id,song_author,alpha_power,beta_power,delta_power,theta_power,variance,mean
0,06s6aloy62vytl3MnT6gfl,"Times Like These - Live at the Pantages Theatre, Los Angeles, CA - August 2006",0,Amusement,personal,23,3784258358,['Foo Fighters'],2.2589613525805675e-12,1.0198033384531088e-12,4.6727431174670004e-11,4.411880505069472e-12,2.553563874320042e-10,2.3463057025308404e-09
1,0h9fnCSnbUgOEgibnQByFv,Everyday Life,2,Disappointment,personal,23,2395445698,['Coldplay'],2.269191222297565e-12,7.160126966371817e-13,2.629791933439196e-11,3.54197209741677e-12,2.0816587240797916e-10,1.0117825924604654e-08
2,1iArQTuOzxvrtniGmkyy92,Burden In My Hand,3,Anger,personal,23,3049220457,['Soundgarden'],3.8256353171576036e-12,1.182833071834059e-12,6.786012769212045e-11,5.654127237349396e-12,5.708280961713367e-10,-1.731397427612855e-07
3,3A9vIxzGBjEfqmDK7H9exS,Pyramid Song,3,Fear,personal,23,2667905835,['Radiohead'],3.852573281252621e-12,1.2204378544144345e-12,5.783147831643931e-11,6.408991418874709e-12,3.996516508256359e-10,1.92487254357158e-07
4,39kHMfF3dBMZMbOtoit1XF,On The Mend,0,Joy,personal,23,1281311748,['Foo Fighters'],3.88589926320515e-12,1.3894234616416288e-12,8.960010372686976e-11,7.100183982258749e-12,4.647377994159826e-10,6.473157294189976e-08
5,5sYAvst5lCs3Ws5MhExlSr,Mica Van Gogh,0,Interest,other,23,2608559859,['Caparezza'],3.1881509619802338e-12,9.700366902571257e-13,2.500621140056443e-11,4.074367449350399e-12,5.440809608411436e-10,5.04210460496707e-07
6,3unsLiH5FXmaDWtT5Imolu,Fallin',1,Contentment,other,23,2596145110,['Alicia Keys'],3.1984804195917572e-12,1.0866940443334424e-12,3.714906254585171e-11,4.059250166714765e-12,2.858146406092734e-10,-1.035063338967144e-07
7,0I3cUqffwmH2mMUHIfpC0l,Memory,1,Compassion,other,23,8309820898,['Barbra Streisand'],2.9692620340312845e-12,1.3577327180122705e-12,3.0320356531491594e-11,4.152099448863669e-12,2.512202136667241e-10,-1.4166743073023398e-07
8,4UnC0RwEgaBXhif5XhtfaP,Stupido Hotel,3,Contempt,other,23,7497445780,['Vasco Rossi'],3.5473988579562017e-12,1.3275464700462828e-12,1.122176861654567e-10,5.18143304662167e-12,5.407641583120329e-10,-8.734803118242742e-08
9,76IOzfO0FG2AJMTIt2tUPB,Bella,1,Contentment,other,23,6438333572,['Jovanotti'],3.0993972838721025e-12,1.0411864634890284e-12,3.140744940400463e-11,4.783023894551925e-12,1.7318508809002905e-10,8.666935600621348e-08
10,6p5ohfzpFYEqqJMyMypCw0,Denti macchiati,3,Disgust,personal,16,8557039094,"[""L'Elfo"", 'Funkyman', 'MadMan']",1.926817128265212e-11,4.874371151571483e-12,1.4598408227774088e-09,6.25326438790435e-11,9.436875574083092e-09,-4.899931972726276e-07
11,4e9JgdG9V9L1oE43zyfacr,Il mondo è mio,1,Love,personal,16,9029879903,"['Manuel Meli', 'Naomi Rivieccio']",2.5134360008571925e-11,8.809697659878932e-12,2.0294550367919346e-09,8.025409281367144e-11,2.831224792014358e-08,3.9701232810654743e-07
12,5LZVK19ieaV8Mk9FsqTL3F,Ridere,2,Disappointment,personal,16,3361324029,['Pinguini Tattici Nucleari'],2.9012827508840605e-11,8.735542949427792e-12,2.7622030113545097e-09,1.0118520352595747e-10,2.0028764870815982e-08,-3.977230361808458e-07
13,75iEncMCKw6aZvUWyZqxO4,Vikings Attack,3,Fear,personal,16,7418585150,['Trevor Morris'],4.045729077054775e-11,7.2565588786539695e-12,4.256324514263977e-09,1.4073428051112028e-10,4.062860618266151e-08,-5.285638432911867e-07
14,37ebs6hDGOWK8SDAB2kZG5,Friction,0,Interest,personal,16,6243009174,['Imagine Dragons'],2.404102206051268e-11,5.1335117571288766e-12,4.337115478539901e-09,1.0445656641543057e-10,4.079325443014506e-08,1.8933377412192915e-06
15,7ofV2J7Ndzo2s5NBEgfpxl,The Show Must Go On - Remastered 2011,0,Pride,other,16,7391036738,['Queen'],2.0268173668937307e-11,4.77754555077011e-12,4.069014010330125e-09,4.944166018923699e-11,4.48712793514118e-08,2.938472382488355e-07
16,0AUvWawuP0ibk4SQ3sIZjk,Daisy,3,Contempt,other,16,5280159555,['Ashnikko'],2.493746193726817e-11,8.004625283204507e-12,1.8516710312612857e-09,5.82355140140054e-11,1.0793439921899847e-08,3.423273296504201e-07
17,0pVfvpMSFsabyuydMihDi1,Ho amato tutto,1,Love,other,16,1553935701,['Tosca'],3.130804685232636e-11,5.5936963052483654e-12,3.822381779809051e-09,8.215257402544185e-11,2.3226105114649777e-08,3.826540234987272e-06
18,1Bdgn4nmMlADRQ6DPJh7UM,Ascent - Day 1,1,Compassion,other,16,8026221597,['Ludovico Einaudi'],1.3664712729356748e-11,3.696465671197501e-12,3.790707525731931e-09,3.860298812701737e-11,2.376847248247621e-08,1.7241561658233299e-06
19,4nr4gSTFGmTTSbumSY3kfH,The 2nd Law: Isolated System,3,Fear,other,16,2956923308,['Muse'],1.8816254264548524e-11,5.491694330738566e-12,4.5760012611663645e-09,4.4263214743653386e-11,2.893023328761917e-08,-9.64494921606458e-07
20,5AEt1JRuzsv7ip4frOvQrE,Pensa - Sanremo 2007,3,Anger,personal,15,3314920082,['Fabrizio Moro'],1.2205622726285003e-12,6.346456801385985e-13,1.9539034388111598e-10,4.478063648244256e-12,2.9143388177063355e-09,-1.706500246531354e-08
21,76GSo8ITf6PakYmNMJAwc2,Io in questo mondo,0,Pride,personal,15,2951988720,['Ligabue'],1.219532101004841e-12,5.095918733612551e-13,4.939968480869912e-10,6.125182982526476e-12,4.254574262724397e-09,1.0449215094627127e-07
22,5YdEQiynLpBRBk8CLEd9sG,Abbi cura di me,1,Relief,personal,15,6021862951,['Simone Cristicchi'],9.029772124516247e-13,3.9091978067392963e-13,5.452296367688042e-10,2.989544594266393e-12,3.573535801743861e-09,-2.5157259605374773e-08
23,75JFxkI2RXiU7L9VXzMkle,The Scientist,2,Sadness,personal,15,1436191677,['Coldplay'],9.30856573692834e-13,4.1378853717347385e-13,6.982971197198865e-11,2.3085894069972214e-12,5.695246252999541e-10,-5.37346534897071e-08
24,5XAGVMePJNaXHcdRN578Xi,La canzone del sole,0,Pleasure,personal,15,2302906161,['Lucio Battisti'],1.0361778637567108e-12,5.175023147555373e-13,8.129895213329965e-11,2.179076403364238e-12,3.330679973066581e-10,-5.4658498816841654e-08
25,1fdCjH8Y8n9j7lFr7tLbfm,Per dimenticare,1,Love,other,15,8084230089,['Zero Assoluto'],2.1230312268843897e-12,8.258363061731666e-13,1.410403211933626e-09,1.0403208105912003e-11,4.264311009007252e-09,-5.9460261079686714e-08
26,0jqK7sGTLsHPkQrrcrGuKD,Still Waiting,0,Pride,other,15,2059040442,['Sum 41'],2.4025669782810432e-12,1.2435899528820454e-12,4.597935028553769e-10,7.046787532294194e-12,2.9976992049123997e-09,-1.6055341099271316e-07
27,30k5yWHaZRUAeFZXspfmUV,"I Colori Del Vento - di ""Pocahontas""/Colonna Sonora Originale",1,Relief,other,15,5161760361,['Manuela Villa'],1.8681950733997646e-12,8.433644141062463e-13,1.890591149779988e-10,4.6901087850080205e-12,5.608897684089664e-09,-1.7239117072250108e-07
28,6FJbvdUSkr1tyXdVZ2UlBR,Bound To You - Burlesque Original Motion Picture Soundtrack,2,Sadness,other,15,2063266754,['Christina Aguilera'],1.981401590224762e-12,9.50487330119704e-13,8.248441575807575e-11,4.240513944053167e-12,2.666790720510928e-09,-2.750058581306806e-07
29,4JehYebiI9JE8sR8MisGVb,Halo,2,Sadness,personal,13,3130546511,['Beyoncé'],3.5018398454595937e-13,1.0327768459433144e-13,1.9679278208503475e-11,9.522561644921658e-13,1.226697777034646e-10,3.456312709186732e-08
30,4qLEwHLABVI2Pc43xPJRUA,Para el sol,1,Love,personal,13,5417594918,['Enrico Nigiotti'],3.9568386666217897e-13,1.0961330948331263e-13,8.256969193465262e-11,1.2847503295928064e-12,3.172359551877939e-10,-2.8235974163387276e-08
31,5BBOSI7uPvAdxw5Rp3jKHQ,Fatto di te,0,Joy,personal,13,4506496120,['Thegiornalisti'],2.7957263467295516e-13,8.969896316775222e-14,2.198992058941371e-11,7.379570136497272e-13,4.639014405047816e-10,6.387553253451067e-08
32,0a6pjT7GkbGOMJO4SlWQG0,Carillon,3,Anger,personal,13,3508699688,['Fiorella Mannoia'],2.8589209564486187e-13,9.139759344400532e-14,9.699658858934145e-12,7.169124069123858e-13,1.9984220758762455e-10,1.4493139697893816e-08
33,3Vu3gNAguJsEVQm9gXoYMj,Dio Come Ti Amo,3,Fear,personal,13,4544608223,['Paola Turci'],4.032183210411698e-13,1.0577549223627127e-13,2.7097521174809215e-11,9.031434146148206e-13,5.533358869115797e-10,-3.2497423535574804e-09
34,2dXsILW8gzkosqleHAvl0v,For Whom The Bell Tolls - Remastered,3,Fear,other,13,1135903657,['Metallica'],4.2460255345486335e-13,1.2707930379237388e-13,4.4424655961998333e-11,1.2444113968426917e-12,4.3498274052893706e-10,1.0512639257456937e-07
35,7D64ejn2d3g6QaahkYdKXH,Tranquilla!,0,Joy,other,13,8861397241,['Fabrizio Vidale'],2.165274182609458e-12,3.1366455176608453e-13,1.4036996560786164e-10,4.436514197425378e-12,6.847764563061366e-10,6.935547176664866e-09
36,0XRxwt5AoIFG0cIfRnb2f2,Per uno come me,1,Love,other,13,9865031713,['Negramaro'],7.150285743792178e-13,1.9985366873074038e-13,5.626171946157632e-11,2.066258512590298e-12,3.3790016967438767e-10,1.4538570071302237e-08
37,76IOzfO0FG2AJMTIt2tUPB,Bella,1,Relief,other,13,2400639464,['Jovanotti'],4.5210974817407977e-13,2.0225296607351152e-13,6.917558190448727e-11,1.3119426143687947e-12,5.233042318510941e-10,1.8747085122925114e-08
38,2N9XhnyDTq97R2UIyAKOKt,Tristezza,0,Pleasure,other,13,4902264143,['Elio e le Storie Tese'],7.440805108175214e-13,1.925171179695649e-13,6.057544726589294e-11,1.6186916925115646e-12,1.0500123209471228e-09,-2.727250978065394e-08
39,6X5aQbswVINUVmmugsMU96,Antartide,1,Compassion,personal,22,5713478846,['Pinguini Tattici Nucleari'],3.136700928090622e-13,9.872097731326429e-14,7.617345635721683e-12,6.15068783027072e-13,8.012187417986382e-11,-8.9920062793622e-09
40,5BBOSI7uPvAdxw5Rp3jKHQ,Fatto di te,0,Pleasure,personal,22,9195527806,['Thegiornalisti'],3.093425109342422e-13,9.840977868868502e-14,1.4283795175638712e-11,7.500168410547383e-13,1.0912058386908416e-10,-2.1284897539402296e-07
41,3x3xrjmOy3hu9ky8OFjg7g,Tutta la vita,2,Sadness,personal,22,6705473117,['Gazzelle'],3.305627049905601e-13,1.0667446910783465e-13,1.6891341747898793e-11,7.713905965581034e-13,1.0085751807638271e-10,3.413801363639264e-08
42,17ahSrFGTLNAEAquP1P88n,Goodbye Kiss,2,Disappointment,personal,22,9187213890,['Kasabian'],3.4869220859319726e-13,1.019606478281483e-13,1.564740105107987e-11,7.494880038383179e-13,1.2365266897598115e-10,5.197706250253547e-08
43,0ct6r3EGTcMLPtrXHDvVjc,The Nights,0,Amusement,personal,22,7395858685,['Avicii'],3.9731788169650063e-13,1.1765155152046833e-13,4.473195644006661e-11,8.490641104011843e-13,2.218216832149697e-10,5.238605045496889e-08
44,4wz9be3iTHln8swogVIAwR,#THOTMILANODM,0,Amusement,other,22,2848873660,"['Radical', 'Thelonious B.', 'Rosa Chemical']",2.8334116444302576e-12,1.0750205430157372e-12,1.0291966280844985e-09,6.074177248334572e-12,6.1565893277298965e-09,-4.086125311781535e-07
45,3sQfSEDzsRefqiVuCDflhe,Deck The Halls,1,Contentment,other,22,6194767697,['Pentatonix'],3.4521896639001408e-12,1.1075706366353637e-12,1.0037027855036906e-09,3.4248821145582514e-12,6.18804163403906e-09,-7.714401584636232e-08
46,0YhC914Z6rLoTJJeZSBMq8,La Leggenda Di Cristalda E Pizzomunno,1,Relief,other,22,5898249712,['Max Gazzé'],1.289545037256961e-12,4.119329440041224e-13,2.602044912392159e-10,2.7581856642855836e-12,1.9524898172595152e-09,-6.945934892403346e-08
47,2lCT4RVgR0bIYR0JW7Mcqx,# fuori c'è il sole,2,Sadness,other,22,3380252349,['Lorenzo Fragola'],3.357303387170743e-12,8.781771184010654e-13,6.121923964922164e-10,1.076955283740262e-11,4.134192346431311e-09,8.128531357306367e-08
48,7Muqwx50J3f9n8wIvszq8l,Our Heritage,3,Fear,personal,19,9194938561,"['Armand Amar', 'Gülay Hacer Toruk', 'Hervé Teboul', 'Julien Carton']",1.440018660627286e-12,3.9082707155938737e-13,4.3514443893816686e-11,3.4974910427634428e-12,3.4600805681047404e-10,7.882140702891533e-08
49,2OuNgtXKeCSORKqdl0MxKk,Chasing Pavements,2,Disappointment,personal,19,3806403451,['Adele'],1.1926012301717189e-12,4.500724579732737e-13,2.1514955827462522e-11,2.2686058452529555e-12,1.613407817196796e-10,-1.2476201649186677e-08
50,11IXRdEjiH0KL8nh4G1j7d,Now We Are Free,2,Sadness,personal,19,5814295082,"['Lisa Gerrard', 'Klaus Badelt', 'Hans Zimmer', 'Gavin Greenaway', 'The Lyndhurst Orchestra']",1.1669457621834943e-12,4.2992569414458485e-13,2.1956902892904664e-11,2.1286523506799033e-12,2.2489290325746554e-10,5.626137516256227e-08
51,4esOae7i4rqTbAu9o5Pxco,Girl on Fire,3,Anger,personal,19,4945916145,['Alicia Keys'],2.0305687307794184e-12,9.78969139084488e-13,6.030377884013251e-11,3.608204813762378e-12,4.098467193318747e-10,-2.6219370677136267e-07
52,1jloxj2l32MZBJapqOGN9X,Yo te cielo (canción para Frida),1,Love,personal,19,9278136281,"['Remo Anzovino', 'Yasemin Sannino', 'Flavio Boltro']",3.940331946869558e-12,1.5009963085484044e-12,8.84894071201699e-10,9.767257213454235e-12,8.092590013531259e-09,-1.4337965979822875e-07
53,0h9fnCSnbUgOEgibnQByFv,Everyday Life,1,Relief,other,19,8504350846,['Coldplay'],5.56031506420332e-13,2.0989240296891116e-13,8.644171858781286e-12,9.524608779168732e-13,8.479849330150191e-11,-3.498806181900252e-08
54,45aBsnKRWUzhwbcqOJLwfe,This Is Me,0,Pride,other,19,1661499903,"['Keala Settle', 'The Greatest Showman Ensemble']",6.57443679942764e-13,2.664610745180075e-13,2.228078240192581e-11,1.2337555102052514e-12,1.666318420041868e-10,-3.858974626763411e-09
55,7mfvOqsvzZaUl7sfbcNk4E,Ameno,3,Fear,other,19,4455223918,['ERA'],6.983548494107692e-13,2.593760149318962e-13,3.105544316345913e-11,1.2586398809004648e-12,2.3962557233948985e-10,1.2651852380211387e-08
56,4mfQ1dT9zhaDhVpb4GbTOy,"Requiem in D Minor, K. 626: 2. Kyrie - Live",2,Guilt,other,19,7272595194,"['Wolfgang Amadeus Mozart', 'Berliner Philharmoniker', 'Claudio Abbado', 'Swedish Radio Choir', 'Kay Johannsen']",7.755751798154604e-13,2.751571263540071e-13,1.8663345323698145e-11,1.1934774870950717e-12,2.1827507638943283e-10,-1.4545901079554006e-07
57,6t4XT3FQGdB7EjqvfAahNx,Chiaro Di Luna,1,Love,other,19,5997913581,['Jovanotti'],8.529846179494397e-13,3.3749244834012004e-13,2.1673070794907417e-11,1.3373874783238722e-12,3.1477704000521524e-10,8.141790114238205e-08
58,2Q22sa3Y4lKXHHBBAxEhYY,Stray Heart,2,Guilt,personal,6,4434637720,['Green Day'],1.4015208493543152e-12,5.012771702701258e-13,1.4928741689686646e-10,2.7072419855683523e-12,8.926113912869263e-10,-2.877126533298233e-08
59,0WoY5ol6DYtT9WxvDU92et,Una Come Te,1,Love,personal,6,1143753231,['Cesare Cremonini'],1.617492039798427e-12,6.211933600172164e-13,2.2810932524005535e-10,3.410302597119074e-12,1.8204898647776376e-09,1.8181341790455155e-08
60,5ViLCypdkRUItaiL84czro,Niente che ti assomigli - Live Forum 2018,1,Relief,personal,6,7841323991,['Ermal Meta'],1.7585629598818682e-12,6.416011599090528e-13,3.6324998691653953e-10,4.227896038116466e-12,2.2162299056911464e-09,-3.592799446551099e-08
61,6PCUP3dWmTjcTtXY02oFdT,Castle on the Hill,2,Sadness,personal,6,1518675867,['Ed Sheeran'],1.599736400262027e-12,6.056764526335974e-13,4.5609907985707854e-10,3.84345739720552e-12,3.1829218453526464e-09,3.394518824386798e-08
62,5QNFdjlkHHdOyhutGef68K,Al Tuo Matrimonio,0,Joy,personal,6,7653858464,['Cesare Cremonini'],2.5324609727215565e-12,8.448978105223236e-13,6.876535012790451e-10,6.648929610508108e-12,3.905953518036087e-09,2.359777503097485e-08
63,4Re9ss7a60eXUDiSyUMQIn,Orobroy,0,Interest,other,6,8761538642,['Dorantes'],4.6420416041731064e+58,7.487804400023425e+58,9.021507969472368e+58,5.575768774110874e+58,1.717065266835748e+60,1.1152906532317714e+27
64,1m4ZjbibTvvmYIJyXAIuxv,Fawkes the Phoenix,1,Relief,other,6,5390770597,['John Williams'],2.1348932765357455e-12,8.358762429675747e-13,1.3717811185780253e-09,5.4388018047917434e-12,8.088707100613305e-09,-1.2221032334116585e-07
65,6WEBwvsmpaoGxka0tSh5a7,Won't Go Home Without You,0,Pleasure,other,6,2978076428,['Maroon 5'],4.01258481399153e-12,1.1445597384806533e-12,1.3014247345552119e-09,1.3584992296717391e-11,7.40592614604355e-09,-6.460333301345507e-08
66,4TALwpbPAx2grcU29poEPy,Quando finisce un amore,2,Sadness,personal,3,5485211163,['Riccardo Cocciante'],1.8248561278874845e-12,5.42541160112203e-13,7.424766392932644e-11,5.045504621453991e-12,5.103758337797798e-10,4.5511998931322854e-08
67,280vpFLeP86WEQGtsycO8O,Controllo,1,Relief,personal,3,5720039635,['Thegiornalisti'],1.5183153532545073e-12,4.74524588320468e-13,6.397229426634712e-11,2.8491768554703162e-12,5.48414039223541e-10,1.439954524388325e-08
68,6JXlccLNpK7F2XFwHuMy23,Per due che come noi,1,Love,personal,3,8408869665,['Brunori Sas'],1.5020428493820207e-12,4.879395361882887e-13,8.636924602118756e-11,3.0816653705813404e-12,6.943165567036423e-10,-4.510450198806419e-08
69,1sJ53hBD3uN83UbNaEA4jU,Il tuo maglione mio,0,Amusement,personal,3,6727568737,['Thegiornalisti'],1.4674669189840314e-12,4.794112006405171e-13,1.1043666604977573e-10,3.1461952796009754e-12,8.554256669233524e-10,-2.0339116202223096e-09
70,3E1FgPTXX203rgBTD5nlKF,Il bacio di Klimt,0,Pleasure,personal,3,5632497865,['Emanuele Aloia'],1.6952586718262799e-12,5.000521556705573e-13,1.0760837039484247e-10,3.6291040238148225e-12,7.591132159709856e-10,2.434968550364831e-08
71,1qU8pLmJNC0V2aSOStjWcX,A Thousand Years,1,Love,other,3,8260045543,['Christina Perri'],8.320060707267698e-13,2.5460496165408396e-13,1.5928222625776656e-10,1.8931585038496294e-12,1.0576519767060757e-09,-3.3421265724612434e-08
72,0jWgAnTrNZmOGmqgvHhZEm,What's Up?,0,Pleasure,other,3,1188018273,['4 Non Blondes'],8.109767330224937e-13,2.4843234953731516e-13,1.665207428032862e-10,1.894485865199934e-12,1.3821584651694734e-09,4.7322339084838514e-07
73,55xly70WJY1cx5qsoogaqs,"Main Title/John Williams/Jaws - From The ""Jaws"" Soundtrack",3,Fear,other,3,3114008345,['John Williams'],9.73598945692249e-13,2.515002980578218e-13,2.2772966441089056e-10,2.434454077054321e-12,1.4476403132955177e-09,1.1340170218637303e-07
74,1tx2oinycuW0tfPrwUJuTU,Che vita meravigliosa,0,Joy,other,3,5688213647,['Diodato'],2.5621996958260333e-12,9.042098790485625e-13,2.5853182046542623e-10,2.6342014021544168e-12,1.6561508629382016e-09,7.47675279714648e-09
75,1Ej0xptDBpBxUM1dIPcHlm,My Heart Is Broken,2,Sadness,personal,2,4497446683,['Evanescence'],8.358462994237885e-12,2.9195602770871567e-12,4.855614336641322e-09,3.014329301123184e-11,3.063661855471772e-08,1.867480072713678e-07
76,3oDTKDo6QPUIJCD7cZLBHb,Gate 21,1,Love,personal,2,7156480045,['Serj Tankian'],1.5083091366001205e-11,4.304476355041591e-12,6.434466018938295e-09,5.3215805123212184e-11,4.530791765619926e-08,1.7867062526957714e-07
77,18lR4BzEs7e3qzc0KVkTpU,What I've Done,2,Regret,personal,2,3395991636,['Linkin Park'],1.1575709639256375e-11,3.3712400313716233e-12,1.2504077423930734e-08,3.998881749526532e-11,7.181484534687871e-08,-2.1194567739581844e-06
78,36YNa8joLwu9yor2TkZbIY,Objection (Tango),0,Joy,personal,2,7743275347,['Shakira'],8.042017691236448e-12,2.515842894652153e-12,1.576782199158054e-08,3.796642355638158e-11,7.847644650015794e-08,1.3386186922403958e-06
79,4e9eGQYsOiBcftrWXwsVco,Aerials,0,Interest,personal,2,1655099904,['System Of A Down'],6.199069456436048e-12,2.2991056996026922e-12,1.625032025314377e-08,3.4423200336050184e-11,6.784569505279447e-08,-8.757907682626345e-07
80,6p5ohfzpFYEqqJMyMypCw0,Denti macchiati,3,Contempt,other,2,2671256194,"[""L'Elfo"", 'Funkyman', 'MadMan']",3.0508910598023616e-12,1.0230739419744468e-12,5.8113041425494734e-09,1.3554412160062975e-11,2.2330513265358045e-08,1.2782520994629392e-06
81,5e0O7MjhNHq9G67qDFM8nR,"Monsters, Inc.",0,Pleasure,other,2,8974662405,['Randy Newman'],3.281309064619209e-12,1.0338423901722132e-12,3.595173157023056e-09,1.0465576090164457e-11,1.8718680068785178e-08,-2.9400509315997537e-07
82,4tKiqgP4hiFNSCDeoaNctg,La sera dei miracoli,0,Pleasure,other,2,6783991619,['Lucio Dalla'],9.445833639715605e-12,3.0360186383591663e-12,4.477080983848994e-09,2.5402900457673522e-11,2.645018387727391e-08,8.180770154297767e-07
83,6P7CGwIMruLWna0QvN14DB,Fotoricordo,2,Regret,personal,17,7674400972,['Gemelli Diversi'],9.970677802226949e-12,2.0735573500351002e-12,2.5192524919265823e-09,1.2341275143009245e-11,1.3301965833685823e-08,1.5324258299158797e-07
84,6MERAQtSWXt3EFnI6UjXGy,I Nostri Anni,1,Relief,personal,17,2442807919,['Tommaso Paradiso'],1.2876394965810969e-11,2.015095829523417e-12,2.507933381755251e-09,1.7082779216022985e-11,1.554060139121656e-08,-8.385359182723925e-07
85,0mHZ5IoR9iNM7HoZafOwcl,Ed ero contentissimo,2,Sadness,personal,17,6370584383,['Tiziano Ferro'],1.1678227195827043e-11,2.0942956147745055e-12,4.803020839718519e-09,1.652682707457071e-11,2.2427511654928635e-08,-3.634827601769051e-07
86,7swocJUCUWTCiRUAU9oerC,Halloween Theme - Main Title,3,Fear,personal,17,1315779175,['John Carpenter'],1.0931898565828592e-11,1.4767574612163126e-12,4.999170230827663e-09,1.6021015674211395e-11,1.9575852300196863e-08,-4.374880518723581e-07
87,4VUZmIKYPnZZfSg0bMR4pz,Per me,0,Pleasure,personal,17,1585219913,['Fabrizio Moro'],1.0046080671868875e-11,1.5168915495498862e-12,3.0707227851968667e-09,1.559756192913566e-11,1.4909737604382504e-08,9.521794710865566e-07
88,5gTuH5Jl8PVUitsFzFslWu,Certe notti,1,Contentment,other,17,7289346890,['Ligabue'],2.968306033564396e-11,1.542057993790238e-11,8.114841009755681e-09,5.610213634295824e-11,4.522667330862165e-08,-6.372512799352821e-07
89,32Bsla4JMIU9tAeCui4RKp,Ulisse,3,Anger,other,17,5568667703,['lowlow'],3.106236116083502e-11,1.7648112470591827e-11,3.3411200361812284e-09,4.57195114927393e-11,1.9909040172451563e-08,-2.3309337662044538e-07
90,36qZIsik56PiT7HnM58e8g,Eppure sentire (Un senso di te),1,Relief,other,17,4088218377,['Elisa'],2.5986465620062452e-11,1.9814749831781135e-11,5.502493379904591e-09,4.355508569046447e-11,2.5713006078918383e-08,-1.1459492950950313e-06
91,22yxHt6UqZpH7tP6W4PooI,For The Love Of A Princess,1,Compassion,personal,18,8995791781,"['James Horner', 'London Symphony Orchestra']",2.2167077670452287e-12,9.602715889119777e-13,2.0186899385978332e-09,6.783368748292973e-12,1.2788837601927907e-08,-1.4703741505925757e-07
92,4Sg5kugcA7G2dyFpok5Jyt,Mariage d'Amour,2,Sadness,personal,18,7307194539,"[""Jacob's Piano""]",2.0585597747265202e-12,8.608239179532472e-13,2.875690692877286e-09,5.568915635867583e-12,1.5657697331778616e-08,7.898413002902727e-08
93,4Re9ss7a60eXUDiSyUMQIn,Orobroy,3,Anger,personal,18,5438162578,['Dorantes'],2.018400365453615e-12,7.38683635717869e-13,2.902059973540352e-09,5.82060047441383e-12,1.7488945616727714e-08,-1.0635427089564156e-07
94,6tgEc2O1uFHcZDKPoo6PC8,ALREADY,0,Joy,personal,18,5430407454,"['Beyoncé', 'Shatta Wale', 'Major Lazer']",2.5299002519864715e-12,8.968946889229839e-13,2.8151934806584646e-09,7.28940829517671e-12,1.867541098303951e-08,2.739838562134899e-07
95,6kf7ZCJjEbjZXikivKOsvJ,Claire de lune,1,Love,personal,18,4501146986,"['Claude Debussy', 'Alexis Weissenberg']",2.25143428370074e-12,8.346335836796366e-13,3.291267330345913e-09,6.888096456600677e-12,1.9602848998471657e-08,-4.0344693211672613e-08
96,60a0Rd6pjrkxjPbaKzXjfq,In the End,0,Amusement,other,18,3152082844,['Linkin Park'],6.131169027673352e-12,1.57262874809841e-12,5.161338319120549e-09,2.3994980481985446e-11,2.737067226697369e-08,3.0407570779123587e-07
97,2nLtzopw4rPReszdYBJU6h,Numb,3,Anger,other,18,3994531682,['Linkin Park'],1.453404673115211e-11,3.1317922576365827e-12,8.530806229331457e-09,5.266507728942023e-11,4.573524899852615e-08,-3.41921435867113e-07
98,75iEncMCKw6aZvUWyZqxO4,Vikings Attack,3,Fear,other,18,4361083316,['Trevor Morris'],3.564843158728014e-12,1.1379470139389468e-12,3.6023773997242446e-09,1.0342118364794497e-11,2.1963389585720462e-08,-2.7409210019192854e-07
99,1fdCjH8Y8n9j7lFr7tLbfm,Per dimenticare,0,Pleasure,other,18,4743062887,['Zero Assoluto'],4.546379612820757e-12,1.5188355215033562e-12,4.348471103195464e-09,1.937193398650699e-11,3.131003712629684e-08,-6.281380775834428e-08
100,31QuXhy09js64az8vRvAKc,Moonlight,1,Relief,other,18,3679424236,['Message To Bears'],4.715941291563536e-12,1.5765337259539388e-12,5.347996149571632e-09,2.096570089512142e-11,3.7163041097392566e-08,-6.366126318515611e-07
101,2nMeu6UenVvwUktBCpLMK9,Young And Beautiful,1,Love,personal,1,2965155855,['Lana Del Rey'],3.113375592574652e-12,4.606973566369772e-13,6.904558549863546e-11,2.1541006489477187e-12,4.50776822179322e-10,2.450523307381098e-08
102,7BYmOx8ouIHV7iVkgTI6Fp,Pronto a correre,2,Guilt,personal,1,5768080515,['Marco Mengoni'],2.4850875972526647e-12,4.754949266223775e-13,1.4143080943460218e-10,3.209560651945496e-12,8.221796611304565e-10,-3.520514566733247e-08
103,4xGuK7FsXuZwHCCuNnPzbD,L'Amour Toujours,0,Amusement,personal,1,4278441823,"[""Gigi D'Agostino""]",2.49700914837763e-12,4.9511771430643e-13,1.5905620535831155e-10,4.297784470088404e-12,1.218140446754813e-09,-7.372894870048201e-08
104,7DFNE7NO0raLIUbgzY2rzm,Let Her Go,2,Sadness,personal,1,8446090510,['Passenger'],2.6194449443901043e-12,5.79488901504418e-13,2.4407474834216837e-10,5.322152060248389e-12,5.749039245194416e-09,4.51795009079207e-09
105,6d3sJyECf0XccpnosXyxT7,Non mi avete fatto niente,3,Anger,personal,1,3727709568,"['Ermal Meta', 'Fabrizio Moro']",3.749410202037366e-12,7.427739981152187e-13,1.3542629149317722e-09,6.606369731277747e-12,3.4531833489778017e-09,6.934333322621022e-08
106,6A3axRTw93LhvnlQLFmi7S,Dicono Di Me,0,Pleasure,other,1,2505977396,['Cesare Cremonini'],4.386301159105947e-12,1.9330345756746487e-12,4.5740339727828e-10,7.921259000550463e-12,2.828201064960481e-09,7.207304903841636e-08
107,2v1eE7NJy08YJ9jsMhI47v,Good Enough,2,Sadness,other,1,8760537468,['Little Mix'],3.886165570270005e-12,1.3982740005790512e-12,4.840560188809851e-10,9.269548904479437e-12,2.674413693110275e-09,2.4939581739597257e-07
108,6pAH9ilo8UkRIraNc8YVkR,Cold Cold Man,1,Contentment,other,1,3359788067,['Saint Motel'],3.967933321681101e-12,1.3824972053486207e-12,4.986034019613041e-10,8.136553337283471e-12,2.87610205762244e-09,3.653292335124735e-07
109,6en0KcrH7lOI6Tpxnst3Lr,La Leggenda Di Cristalda E Pizzomunno,1,Love,other,1,7690688371,['Max Gazzé'],5.411122266419972e-12,2.131714286354709e-12,8.519407065260235e-10,1.1330117088250198e-11,3.927654975052748e-09,2.6727822117781016e-07
110,0XAO6HaZDHa2HxbnWWKWCZ,La storia infinita,2,Regret,personal,21,2642234932,['Pinguini Tattici Nucleari'],2.588085241789183e-12,8.361445006470442e-13,3.586352816019967e-10,6.556852804869105e-12,2.3537292494794036e-09,-5.465031294241924e-09
111,7FlHNJT4TC120CDvFOHzei,Rewrite The Stars,1,Relief,personal,21,5984395806,"['James Arthur', 'Anne-Marie']",2.1829267773746675e-12,6.79924690268105e-13,4.1797760788350914e-10,5.761715954121603e-12,3.056638783151773e-09,3.7104368191227214e-08
112,1nZzRJbFvCEct3uzu04ZoL,Part Of Me,3,Anger,personal,21,3244438535,['Katy Perry'],1.883128997119411e-12,4.644443366741739e-13,6.361644971070636e-10,5.130326848663827e-12,3.757638624955054e-09,3.921783947389188e-08
113,37mk7t1x4VmKmmqgRU8E2w,Sunrise,1,Love,personal,21,2686839582,['Simply Red'],1.7229754376467018e-12,4.768519536352209e-13,7.340129418235057e-10,6.339689522258488e-12,4.5375652820103365e-09,4.930282509387743e-08
114,5WK0BthtcfaCFRPqjaY1sx,Nell'ignoto,0,Interest,personal,21,5548440787,"['Serena Autieri', 'AURORA']",1.6871102817614238e-12,4.395569155735474e-13,5.153830023049456e-10,5.451357534765162e-12,3.87480019802125e-09,6.785582468793519e-08
115,5qu9xgYAZ2JbDXqssUMP7N,The Crisis,1,Relief,other,21,3603031333,['Ennio Morricone'],1.0947518808140882e-12,3.975237588939916e-13,8.560948964964205e-10,2.5123384323939378e-12,5.693318773036724e-09,-3.5545551544265446e-07
116,2zYzyRzz6pRmhPzyfMEC8s,Highway to Hell,0,Pleasure,other,21,7194194602,['AC/DC'],1.4277548273631082e-12,4.789660750286135e-13,1.037147970083391e-09,3.3781856650881735e-12,5.011996107127687e-09,2.7424240682262854e-07
117,4VUZmIKYPnZZfSg0bMR4pz,Per me,2,Sadness,other,21,3530449582,['Fabrizio Moro'],1.6423733982897941e-12,5.87300329282417e-13,1.0788055035678671e-09,3.5598922992269454e-12,8.480624752648834e-09,-1.0427352456803034e-06
118,3mpB5TxVf155B1S6KfPtlv,Diventerai una star,0,Pleasure,other,21,5877317675,['Finley'],1.7828612891563784e-12,6.020344378368673e-13,7.00761128577325e-10,5.1767466041737056e-12,6.58310227493885e-09,1.1180074001376779e-06
119,7D64ejn2d3g6QaahkYdKXH,Tranquilla!,0,Amusement,other,21,8588964370,['Fabrizio Vidale'],2.6662437306717217e-12,8.505091245297486e-13,1.3510230907740728e-09,7.798679183676707e-12,1.0352632033676748e-08,9.856801283706155e-07
120,3weNRklVDqb4Rr5MhKBR3D,Nuvole Bianche,1,Relief,personal,20,6572251116,['Ludovico Einaudi'],1.1248162112614714e-12,7.714046647951212e-13,4.005589666566959e-10,2.3982031516771053e-12,2.61354503781198e-09,-7.524671488741939e-08
121,5sYAvst5lCs3Ws5MhExlSr,Mica Van Gogh,0,Amusement,personal,20,8633315042,['Caparezza'],1.590131786775336e-12,1.0084783806724202e-12,6.566463620135744e-10,3.203350674129809e-12,3.8975304038918116e-09,9.66826138233446e-08
122,6qlM3aT6CCXrkjmtz4v2fM,Di sana pianta,3,Fear,personal,20,2926730303,['J-AX'],1.6163119258963224e-12,1.0880219001675654e-12,7.937246219296389e-10,3.0807465144612087e-12,5.16565579475016e-09,-5.581056073035859e-10
123,5kqIPrATaCc2LqxVWzQGbk,7 Years,2,Sadness,personal,20,4616757922,['Lukas Graham'],2.1050125705621166e-12,8.730039157362824e-13,8.835833112843257e-10,5.192179679462481e-12,5.708577806492877e-09,4.4892941137028936e-07
124,2nLtzopw4rPReszdYBJU6h,Numb,3,Anger,personal,20,2052607919,['Linkin Park'],4.473033585084507e-12,1.0095258834223866e-12,1.2725371002121083e-09,1.118744181178005e-11,7.165428183778948e-09,-6.856870842184613e-08
125,6xFK2P3LmaionULnNOOlqq,"Dead Silence Theme (Intro) [From ""Dead Silence""]",3,Fear,other,20,3471264357,['Luca Riviero'],1.2509634104792746e-12,5.125504248047407e-13,2.1553570897932842e-09,2.8839525036890796e-12,1.3835458571520186e-08,2.3345073196360683e-07
126,4UzVcXufOhGUwF56HT7b8M,My Immortal,1,Compassion,other,20,2102668116,['Evanescence'],1.7407280249735204e-12,6.820330087732098e-13,2.178420891891084e-09,4.8384440390808294e-12,1.4210517405150796e-08,2.5506969008897315e-08
127,4CQnIoccCBtsiBeb1jBFiZ,Danza del Osos,0,Amusement,other,20,2016546257,['Danzante Banda Celta'],1.4346494289343838e-12,5.180760278709512e-13,2.5441672140167887e-09,3.6271944930731748e-12,1.742052227909068e-08,1.5835589437002682e-07
128,7uQuSHXICONzPv91hqMBmf,Cara,0,Interest,other,20,3088725053,['Lucio Dalla'],1.5111252171958592e-12,5.708306080359455e-13,2.382763133629368e-09,4.356182766313713e-12,1.8530595338944193e-08,2.462760324880431e-07
129,3YQsdw4FNt17lxAEXXURqV,Viva La Libertà,1,Contentment,other,20,4353988101,['Jovanotti'],3.479730463171011e-12,8.089834787855903e-13,2.5694955105670293e-09,1.0466555360322901e-11,1.4744099672270763e-08,-2.0440467537236275e-07
130,0TRzbNlR34FoO3HjHvb8FX,Trilogy - Remastered,0,Interest,personal,8,7962692464,"['Emerson, Lake & Palmer']",1.202318824131168e-10,5.4591173029253864e-11,1.0832661481910819e-08,1.9392964980373714e-10,5.3835675613449674e-08,-2.9735902204869837e-07
131,4UVwbnxKEzPGOuAtSEt2ic,Requiem: II. Dies Irae,3,Fear,personal,8,3495474224,"['Giuseppe Verdi', 'Sir Colin Davis', 'London Symphony Chorus', 'London Symphony Orchestra']",1.4130391713241365e-10,5.937515124438084e-11,2.3117390242469487e-08,2.2862856106874554e-10,1.0801210607073743e-07,-4.3628362434984076e-07
132,5Fw4nhdXk4THgyfetrwpDf,Adagio in G Minor (Attrib. Albinoni) [Arr. for Chamber Orchestra],2,Sadness,personal,8,5661316078,"['Remo Giazotto', 'Jean-Claude Malgoire', 'La Grande Écurie et la Chambre du Roy']",1.2404468625740082e-10,6.018246346317746e-11,3.8134957336658426e-08,1.596776260585181e-10,1.8415117829008687e-07,-8.468059845550666e-07
133,2Ig3npEMsgVAN2NtRuSyh5,Argentovivo (feat. Rancore & Manuel Agnelli),3,Anger,personal,8,6808721773,"['Daniele Silvestri', 'Rancore', 'Manuel Agnelli']",1.27327051911417e-10,5.5237620847064526e-11,2.7816274368807082e-08,1.7202683516817103e-10,1.6753404286950493e-07,1.1580025744699385e-06
134,7LVHVU3tWfcxj5aiPFEW4Q,Fix You,1,Compassion,personal,8,3096895971,['Coldplay'],1.0264776103162045e-10,5.438885103455443e-11,5.244381458223052e-08,1.6392795461564387e-10,2.8083003998335807e-07,2.388939252554411e-06
135,55WIafaNg5WMRLMEMaIf4e,Rewind,1,Love,other,8,1555197220,['Vasco Rossi'],8.6282320769956e-12,3.712230746008926e-12,7.037172455169686e-09,2.2027334158341575e-11,4.046900128126741e-08,1.3134156997205937e-06
136,36qZIsik56PiT7HnM58e8g,Eppure sentire (Un senso di te),2,Regret,other,8,7933831782,['Elisa'],7.971654436429686e-12,3.685281658547319e-12,8.711479653139775e-09,1.7956585616252094e-11,4.8725013383165963e-08,3.782827621044919e-07
137,4aX4pkZnzrqGDQ2S2XJsmQ,Jerusalema (feat. Burna Boy & Nomcebo Zikode) - Remix,3,Fear,other,8,2644432196,"['Master KG', 'Burna Boy', 'Nomcebo Zikode']",8.20486813557806e-12,3.5759123945843545e-12,7.80892908845911e-09,1.8791515791824576e-11,4.3533444610424054e-08,1.2704925668181392e-07
138,0ZFeVCKCMCXUQ1TKVd2azW,The Sound of Silence,1,Compassion,other,8,4675514143,['Pentatonix'],8.001390338111483e-12,3.490297100882236e-12,9.760074343948184e-09,1.732216817852789e-11,5.688812478576617e-08,-5.044495938702152e-07
139,05G23JkXHRv3NJ9hENaafi,Anche Fragile,2,Guilt,other,8,1939422702,['Elisa'],8.101766544997491e-12,4.168948759838886e-12,1.5399198783639302e-08,1.8762483557133433e-11,8.622735601148799e-08,6.208923904707772e-07
140,02pyQSEZ1DlpyMhSNE2L69,Hai un amico in me,0,Pleasure,personal,9,7614455755,['Riccardo Cocciante'],9.335376195145713e-13,3.275024258546433e-13,5.176535912974621e-11,1.4869961684799546e-12,3.5940012276306944e-10,2.0673996885291072e-08
141,7o2CTH4ctstm8TNelqjb51,Sweet Child O' Mine,1,Contentment,personal,9,7659822209,"[""Guns N' Roses""]",1.1688846925501396e-12,3.43124364429356e-13,8.718934142747399e-11,1.8514129873066197e-12,5.195133656473246e-10,3.0460740457327e-09
142,2IZZqH4K02UIYg5EohpNHF,Zombie,3,Anger,personal,9,8921956452,['The Cranberries'],1.1102752384733374e-12,3.4697408167436316e-13,1.2840251759477312e-10,1.8021483005711559e-12,8.237634227398624e-10,-2.679548721325461e-08
143,4ylWMuGbMXNDgDd8lErEle,The Greatest Show,0,Amusement,personal,9,3218016765,"['Hugh Jackman', 'Keala Settle', 'Zac Efron', 'Zendaya', 'The Greatest Showman Ensemble']",9.009724110227328e-13,2.968237282135297e-13,1.55287926650434e-10,1.7437374214925023e-12,8.74526697087877e-10,-4.8965686824318524e-08
144,3AJwUDP919kvQ9QcozQPxg,Yellow,2,Regret,personal,9,5028307864,['Coldplay'],9.70331786144297e-13,3.4598614017744734e-13,2.647323686298172e-10,1.921702192938954e-12,1.3091953060124782e-09,-3.0546449908537375e-08
145,2ZBNclC5wm4GtiWaeh0DMx,Single Ladies (Put a Ring on It),0,Amusement,other,9,7245345626,['Beyoncé'],2.0779612571363938e-12,7.983870632119781e-13,6.733733324822946e-10,3.4608864299876064e-12,4.006263394501398e-09,-2.606120651864666e-07
146,1qDrWA6lyx8cLECdZE7TV7,Somebody That I Used To Know,3,Fear,other,9,5625289942,"['Gotye', 'Kimbra']",1.8128870790797948e-12,6.122784186537231e-13,7.33077752723327e-10,4.441948558450212e-12,4.51540854445471e-09,-3.086951422428403e-07
147,0IeKW0rmQ79Ka9WfR9Nagt,Popolo mio,2,Disappointment,other,9,3322571246,['Marco Frisina'],1.5463686165988605e-12,5.156581263297277e-13,6.272356982047573e-10,3.075532145051931e-12,3.5278985601275525e-09,-1.1259794266291362e-07
148,11IXRdEjiH0KL8nh4G1j7d,Now We Are Free,0,Pleasure,other,9,5834815628,"['Lisa Gerrard', 'Klaus Badelt', 'Hans Zimmer', 'Gavin Greenaway', 'The Lyndhurst Orchestra']",2.004099815961366e-12,8.223427130680421e-13,7.822664563283695e-10,4.213844696965032e-12,4.032449116383841e-09,-2.314373849638039e-07
149,6tsfGbVHWirffWWUUmtalg,Empty Spaces - 2011 Remastered Version,3,Fear,personal,11,9903556545,['Pink Floyd'],9.02918729493999e-12,3.505315193411443e-12,1.2276491387927362e-09,1.4801918944690645e-11,7.384502982306281e-09,2.4793198103988536e-07
150,1esX5rtwwssnsEQNQk0HGg,Something Human,1,Relief,personal,11,4466858062,['Muse'],9.15877550141421e-12,3.605593501044508e-12,1.0734045930420175e-09,1.3759491435882097e-11,7.698976225621e-09,-2.423802857107714e-07
151,1PWnAEQcbwQwK759otUbta,"Writing's On The Wall - From ""Spectre"" Soundtrack",2,Regret,personal,11,1036331628,['Sam Smith'],9.07419451142725e-12,3.5143954352490063e-12,1.09017015149855e-09,1.6007138697677598e-11,6.838723391387927e-09,1.8735070965924182e-07
152,5ZguKpURKjxp6lLmLFyKZs,Quattru tari',3,Contempt,personal,11,8039661904,['Rosa Balistreri'],1.022652956459061e-11,3.6498415753943776e-12,1.3140052651297135e-09,1.6163014356218946e-11,8.29581817908288e-09,-1.361238548864952e-07
153,6QqeEMIz3Hbi8SPAzrrVy5,Over You,1,Admiration,personal,11,8269497269,['Supertramp'],9.304751149151772e-12,3.3855066608339616e-12,1.3466208687664022e-09,1.57822429915224e-11,8.46320662582129e-09,-5.3895359482960795e-08
154,1vyV7cxMnu5BEEEANpJy7u,Verdura,3,Contempt,other,11,5601425099,['Pinguini Tattici Nucleari'],2.8620742013544854e-12,7.067086780595215e-13,2.1257353449592746e-09,6.543214026970652e-12,1.3478649827979815e-08,4.714533673647654e-08
155,43RiFCiU9c18mFkoLViAog,C'è sempre una canzone,1,Compassion,other,11,9632679687,['Ligabue'],2.803428289915494e-12,8.342215670792319e-13,2.378801157165068e-09,8.814692234851579e-12,1.362273745088167e-08,4.018005475015167e-07
156,2GiJYvgVaD2HtM8GqD9EgQ,Electric Love,1,Admiration,other,11,6838666719,['BØRNS'],3.3318999919725704e-12,8.340527659078796e-13,2.578079055613138e-09,1.1185667036628836e-11,1.5641119454178318e-08,-3.25030030719768e-07
157,40kq6PVQ2E6zgmnGfZtG6M,Perfetti sconosciuti,2,Disappointment,other,11,3096596590,['Fiorella Mannoia'],3.281637082643708e-12,7.912606893492057e-13,2.269297721843526e-09,8.134354686247523e-12,1.4718672988434828e-08,-2.8640662815706423e-08
158,3zl7j5ua8mF4JDYuxrfo01,Perfect Symphony (Ed Sheeran & Andrea Bocelli),1,Relief,other,11,4844792828,"['Ed Sheeran', 'Andrea Bocelli']",4.057547240311504e-12,1.2329622242065437e-12,2.960379998254166e-09,1.2450629125081324e-11,1.9408206570338283e-08,7.593842684919178e-07
159,2ZBNclC5wm4GtiWaeh0DMx,Single Ladies (Put a Ring on It),0,Amusement,personal,7,3723881509,['Beyoncé'],5.9065756630105e-13,2.2913004117223306e-13,9.832048347949938e-11,1.4581027545693992e-12,7.464930165336241e-10,1.0833587671989263e-07
160,2nMeu6UenVvwUktBCpLMK9,Young And Beautiful,1,Love,personal,7,4781312231,['Lana Del Rey'],5.326636584746855e-13,2.3254481617738064e-13,1.195130422256152e-10,1.2436697956862842e-12,1.041600382733995e-09,3.402893000452953e-08
161,4zdfvfCudMSDKY9kjQbhj8,E yo mamma,1,Relief,personal,7,3969424776,['Coez'],7.02707041907074e-13,2.672054708024131e-13,1.7410926164733574e-10,1.4623226099044814e-12,1.274852591996387e-09,-6.512534888744821e-08
162,1zMDIP0D1qFp8h2gKlj1ut,L'amore si odia (feat. Fiorella Mannoia),3,Anger,personal,7,5570824274,"['Noemi', 'Fiorella Mannoia']",6.840996078900129e-13,2.901382253808162e-13,2.7694119295980123e-10,1.8003783889297018e-12,2.3163317611578204e-09,-8.941823717841474e-08
163,2xqyJa4BRzrEM4HQVgeazW,MA IL CIELO E' SEMPRE BLU (ITALIANSTARS4LIFE),0,Joy,personal,7,7242492203,['ITALIAN ALLSTARS 4 LIFE'],6.794982819033797e-13,2.9910126160894445e-13,4.790673948060817e-10,1.632857392771207e-12,5.184597707099001e-09,1.4170468404432113e-06
164,4CQnIoccCBtsiBeb1jBFiZ,Danza del Osos,0,Joy,other,7,4816131098,['Danzante Banda Celta'],1.183996489082141e-12,5.572840348365336e-13,6.753139608663028e-10,2.2189135693753426e-12,4.751848276655926e-09,-1.2376849724208859e-08
165,2OELzdlkfD8XKGhx68GoLG,Helvetia,3,Fear,other,7,2566335050,['Fernando Velázquez'],1.0974237328538038e-12,5.440590968520775e-13,4.3463186941815323e-10,2.2153918767151624e-12,2.597392538178403e-09,-8.120641872767937e-08
166,4KTvBpuyzikbShNQ2wl3NQ,Peponi (Paradise) [Live],0,Joy,other,7,3386464197,"['The Piano Guys', 'Alex Boyé']",1.1235448360430508e-12,6.322737018328236e-13,6.219520341225462e-10,2.3805614869662372e-12,4.682369193354686e-09,1.658225990335044e-07
167,11IXRdEjiH0KL8nh4G1j7d,Now We Are Free,1,Relief,other,7,8531768944,"['Lisa Gerrard', 'Klaus Badelt', 'Hans Zimmer', 'Gavin Greenaway', 'The Lyndhurst Orchestra']",1.1117332638581803e-12,6.92269980924018e-13,7.698505510732608e-10,2.315522928443958e-12,5.510314599518579e-09,1.1402597913543622e-07
168,1fdCjH8Y8n9j7lFr7tLbfm,Per dimenticare,2,Regret,personal,0,3105886107,['Zero Assoluto'],1.0396543267906546e-12,3.3052932962313357e-13,7.804655246685387e-11,2.6679935675405586e-12,4.4089795824672117e-10,5.701935580409157e-09
169,0swoHiwTazywpoqiKDUtGQ,"La Luna e la Gatta (feat. Tommaso Paradiso, Jovanotti, Calcutta)",0,Amusement,personal,0,8012044164,"['Takagi & Ketra', 'Tommaso Paradiso', 'Jovanotti', 'Calcutta ']",1.0794771009528231e-12,3.2921650258500357e-13,1.0189183600514586e-10,2.50953544904269e-12,5.226048779246143e-10,-1.1953510314038129e-08
170,33jt3kYWjQzqn3xyYQ5ZEh,Cheek To Cheek,0,Joy,personal,0,3093701702,"['Ella Fitzgerald', 'Louis Armstrong']",1.1850312097453496e-12,3.7429335591736023e-13,1.0207484954802774e-10,3.0157289212060617e-12,6.187365347312877e-10,-2.6944909130739213e-08
171,2aAbjYIg2uHBm8sBFlGdBZ,Main Titles,3,Fear,personal,0,3454262054,['Charlie Clouser'],1.1941284707219634e-12,3.750301652014003e-13,1.5352609942378718e-10,3.0375523289219442e-12,9.154733975094008e-10,3.316537644486479e-08
172,0HpKuz1HfXxRzNnUqfwzgF,Piccola stella senza cielo,1,Relief,personal,0,7729918684,['Ligabue'],1.2665487950500727e-12,4.058843133676155e-13,1.8501736050737597e-10,3.029163449253517e-12,1.1280563415998386e-09,-7.991142683813549e-08
173,1WdzDux7Vym4yQi9unQirr,Amore senza fine,0,Joy,other,0,6667049702,['Pino Daniele'],9.097106920264e-13,3.049106462694131e-13,7.405464941890211e-10,2.3591225806525303e-12,4.103685902583353e-09,-2.889112866447101e-07
174,1jlG3KJ3gdYmhfuySFfpO1,I'm with You,0,Pleasure,other,0,7594592186,['Avril Lavigne'],9.58719930250687e-13,3.4990185419503523e-13,6.863107711566196e-10,2.537835478345338e-12,4.889522886525564e-09,9.647132971224025e-08
175,2r1SRt8bhtR6a9bMRR0AgV,La storia infinita,2,Regret,other,0,4104057682,['Pinguini Tattici Nucleari'],9.092911805591887e-13,3.413860596939227e-13,1.0018709360807879e-09,2.7606443951138707e-12,4.825516808493108e-09,1.5678165683140014e-07
176,3E1FgPTXX203rgBTD5nlKF,Il bacio di Klimt,3,Anger,other,0,6361287970,['Emanuele Aloia'],8.423250063073389e-13,3.170971570746623e-13,9.292849667752272e-10,2.3279061105125436e-12,5.195419476657137e-09,-2.5286601225687497e-07
177,7AYGqCVNob6SORGbboUc44,Anima Perduta,2,Sadness,other,0,8679265186,['Pathos'],8.60153624259776e-13,4.757633224577798e-13,1.0687147077267249e-09,2.547816310359068e-12,5.752578934366635e-09,5.2029070701192374e-08
178,5P2sVkO2mhgeDicQc1btfj,Pensiero stupendo,2,Sadness,personal,12,4004617796,['Patty Pravo'],1.6104624272408975e-12,1.0203447961135438e-12,2.1029402560328468e-10,2.565768570630587e-12,1.1347880580172648e-09,2.085674168878624e-08
179,45aBsnKRWUzhwbcqOJLwfe,This Is Me,1,Relief,personal,12,3368028902,"['Keala Settle', 'The Greatest Showman Ensemble']",1.5312951775725775e-12,7.057165467852205e-13,2.101513522290462e-10,2.630846100529603e-12,1.2082628590783172e-09,9.326935407511403e-09
180,7LuCe6qxjtNnfKO4821SPT,Ho imparato a sognare,0,Joy,personal,12,1379215716,['Fiorella Mannoia'],1.3517329183803094e-12,5.985640998923863e-13,2.0250593356402732e-10,2.4319425103465848e-12,1.2840264159930593e-09,-6.444891227310874e-09
181,55xly70WJY1cx5qsoogaqs,"Main Title/John Williams/Jaws - From The ""Jaws"" Soundtrack",3,Fear,personal,12,3140286472,['John Williams'],1.0348196976698056e-12,3.977732011535249e-13,1.9875788569278448e-10,2.4651856452118128e-12,1.4104907552359112e-09,-3.2462583583057366e-08
182,1tx2oinycuW0tfPrwUJuTU,Che vita meravigliosa,0,Pride,personal,12,7418038546,['Diodato'],1.7277565530450533e-12,6.186773768476316e-13,5.240939463515701e-10,4.832078761215041e-12,3.0910020126605427e-09,8.641393055810693e-08
183,3mj23ZA8LARtZSSVJxIZOi,Rosso di rabbia,3,Disgust,other,12,5700100690,['Anastasio'],5.678367862294413e-12,5.270146623007335e-12,3.3712900057784313e-09,1.1006921636469782e-11,2.2100941266242273e-08,1.3750722363566993e-07
184,6ZFbXIJkuI1dVNWvzJzown,Time,1,Relief,other,12,7481350683,['Hans Zimmer'],6.029469104363817e-12,3.585627195751832e-12,7.013990282673634e-09,2.7341685631056583e-11,4.4453480958237225e-08,8.633491237341104e-07
185,1n4esvV7r2y5heDizjTj14,Voci - Namanama Version,0,Pleasure,other,12,7793268524,['Zucchero'],4.520434048723312e-12,3.2419361181612794e-12,1.0190273684326112e-08,1.2609775531915806e-11,6.73351815340075e-08,-9.281907190950132e-07
186,2M4ZS9fZq86hVmO5ZOKvyb,Serenata Rap,0,Pleasure,other,12,1140388329,['Jovanotti'],4.3297588324241246e-12,3.2892650246182825e-12,8.407378742265128e-09,1.3889936412911724e-11,6.641214657924537e-08,-1.2663815204674167e-06
187,1u4kGo8MOiw8eig7k1paAo,Il canto del mare,0,Joy,personal,14,4719909019,['Marco Frisina'],2.7157720036767453e-12,1.0476393398651786e-12,2.759623954835265e-10,4.123054442405287e-12,2.4313400827835347e-09,1.5905633647438508e-07
188,2nLtzopw4rPReszdYBJU6h,Numb,1,Relief,personal,14,4495132490,['Linkin Park'],3.2124423372343435e-12,1.1239720579090281e-12,2.199693714926183e-10,3.994524261326275e-12,1.735258285312315e-09,9.475800781130656e-08
189,1IOlhRBZ8ek5Ix7QW6owiO,Pokemon Advanced Battle,0,Amusement,personal,14,7887564928,"[""Cristina D'Avena"", 'Giorgio Vanni']",3.2438192977110186e-12,1.2113921305325888e-12,3.105789119777389e-10,4.984264109934491e-12,2.4819951994819695e-09,1.541902882335729e-07
190,6ietSw6t2wYPuxStaSsGh5,Liberi Fatali (Final Fantasy VIII),3,Fear,personal,14,4025883015,['Nobuo Uematsu'],3.6916824930874206e-12,1.2564775176385648e-12,2.870420685244873e-10,5.160894617235336e-12,2.3729851425258783e-09,-1.4880301185979652e-07
191,0JlcGuogSjgZsa0rkLdoBM,Ci sono anch'io,1,Admiration,personal,14,8066471705,"['Angelo Di Guardo', 'Mark']",5.907745711336684e-12,1.654816279639035e-12,6.264225953949872e-10,7.759502383746185e-12,4.266128774367218e-09,2.1028480692872837e-08
192,0lUGrc1XZ6TJ6jWxk103zL,Turandot / Act 3: Nessun dorma! - Live,1,Compassion,other,14,4975883943,"['Giacomo Puccini', 'Luciano Pavarotti', 'Orchestra del Teatro Arena di Verona', 'Armando Gatto']",8.744928561268452e-12,3.191370897074399e-12,1.614530526303688e-08,2.574746131978602e-11,1.8995699200754188e-07,-1.0773373155715234e-06
193,6FJbvdUSkr1tyXdVZ2UlBR,Bound To You - Burlesque Original Motion Picture Soundtrack,2,Sadness,other,14,7278971454,['Christina Aguilera'],1.0071054824031777e-11,3.4785647629041024e-12,2.0537927228091257e-08,5.3710206700257855e-11,1.8361837583742805e-07,-2.382320548498768e-06
194,1n4esvV7r2y5heDizjTj14,Voci - Namanama Version,0,Pride,other,14,7793853278,['Zucchero'],1.1485396857929939e-11,3.999409925666021e-12,1.8082441471244958e-08,4.5540245111941924e-11,1.0759759400130667e-07,2.2416739678812346e-06
195,5QNFdjlkHHdOyhutGef68K,Al Tuo Matrimonio,0,Amusement,other,14,7550116739,['Cesare Cremonini'],1.3204173263040383e-11,4.889637058567455e-12,7.2513927550954195e-09,5.585552897110346e-11,6.70361343285955e-08,1.3727049000328423e-07
196,6dGnYIeXmHdcikdzNNDMm2,Here Comes The Sun - Remastered 2009,0,Joy,personal,10,2958450681,['The Beatles'],1.1886314099217103e-12,3.8154008208142754e-13,3.8429496426599354e-10,3.5143956324556563e-12,2.8581236324574914e-09,-2.0845565181500912e-07
197,21eimqDW4tvXXTfqGAvI16,Pensa,3,Fear,personal,10,8131355824,['Fabrizio Moro'],8.280631942605201e-13,3.0840675176377004e-13,3.9917606218272164e-10,2.616721406421571e-12,3.1071612043861097e-09,-2.4544594810615433e-07
198,09VLSblRnWCvyJb8rNajRJ,I Bambini Fanno Ooh,1,Admiration,personal,10,5018959303,['Povia'],1.368540524938862e-12,5.540575329544392e-13,9.253820685289409e-10,3.495194779725054e-12,6.431930987062368e-09,1.906104751595869e-07
199,7CIoJE0JfVFcmmUY3fFojH,"Hungarian Rhapsody No. 2 in C-Sharp Minor, S. 244/2",0,Joy,personal,10,5905614682,"['Franz Liszt', 'Vladimir Horowitz']",1.135559330051113e-12,4.0867802768417115e-13,7.647002890556227e-10,2.8893154352745718e-12,5.737570474396133e-09,-1.0144746970178866e-06
200,7aE5WXu5sFeNRh3Z05wwu4,Wish You Were Here - 2011 Remastered Version,2,Regret,personal,10,9044452233,['Pink Floyd'],1.2088056465510845e-12,4.928657985703204e-13,1.3161901003254259e-09,3.77757545336552e-12,6.284232216062155e-09,-7.82013220459778e-07
201,0h9fnCSnbUgOEgibnQByFv,Everyday Life,1,Relief,other,10,4972329495,['Coldplay'],3.754360285084504e-12,1.6595225524897509e-12,2.7911647103808106e-09,8.025856548579076e-12,2.0018768162326957e-08,-1.3675663090460304e-06
202,6tsfGbVHWirffWWUUmtalg,Empty Spaces - 2011 Remastered Version,3,Fear,other,10,7553120384,['Pink Floyd'],4.304432660050353e-12,1.6876275416888103e-12,2.797023132530416e-09,1.0622788987470602e-11,1.7904468781828804e-08,7.333538195631939e-07
203,67WTwafOMgegV6ABnBQxcE,Some Nights,1,Relief,other,10,3909196796,['fun.'],4.132881226000712e-12,1.7234654553648765e-12,2.0321088583019163e-09,9.508689592849115e-12,1.7848580151850457e-08,1.0945320655445495e-06
204,6GLmGfALwjzCaOiHwgfU7g,Ti dedico il silenzio,1,Love,personal,25,3856029503,['Ultimo'],1.1212548139920483e-12,4.306463167787361e-13,4.5120490870734253e-10,3.4769056032408632e-12,2.3241778467639055e-09,2.844797322563686e-07
205,6h5PAsRni4IRlxWr6uDPTP,More Than You Know,0,Pleasure,personal,25,1096683105,['Axwell /\\ Ingrosso'],1.2263302164187231e-12,4.906336639302802e-13,4.0958640700319564e-10,2.9799369307989006e-12,2.3385556005282203e-09,4.378730526624251e-08
206,6lOWoTqVnAWXchddtTH31W,Leave a Light On,2,Regret,personal,25,7314658857,['Tom Walker'],1.1269517491726859e-12,4.985570579068633e-13,4.2453963823164105e-10,3.1897322407800063e-12,2.651817622936172e-09,2.7942308167943276e-07
207,2Lh37O1OXaYRE4bvALnDvq,Gold And Oden,2,Sadness,personal,25,8024404809,"['Kohei Tanaka', 'Shirō Hamaguchi']",1.3183089786101285e-12,5.35100828153016e-13,5.145435644861617e-10,3.869052145103955e-12,2.7025676314879884e-09,6.052101589658664e-08
208,4VVG3HBGaqSNZqIpmewIA6,Sciroppo (feat. DrefGold),3,Hate,personal,25,4215369788,"['Sfera Ebbasta', 'DrefGold']",1.711701195553991e-12,8.096669430226865e-13,5.977402708899416e-10,5.493822551587689e-12,3.331221523228308e-09,2.2293859724032723e-07
209,7klLXey9V4OrC6mwUXf8Fc,Davy Jones,2,Sadness,other,25,8157991642,['Hans Zimmer'],1.1584392305998488e-12,5.887889559957871e-13,1.8315301191665673e-10,2.264602045528163e-12,1.0402730348884536e-09,-1.2341236848657888e-07
210,7gQAFGUyHPcY0cQNPsjMf0,Crying at the Discoteque - Radio Edit,0,Amusement,other,25,4762556975,['Alcazar'],1.3739274474649315e-12,9.4608941578634e-13,2.4281448192346217e-10,2.281772875747496e-12,1.3873941864665892e-09,-9.654814420543038e-08
211,56LYsQITV7nEggGBVuu846,Wing$,0,Pleasure,other,25,4172333126,['Macklemore & Ryan Lewis'],1.3705018276605662e-12,7.560016383354714e-13,2.8692935855362497e-10,2.4789750277117977e-12,1.7005704536603679e-09,-1.9278170128391892e-07
212,2YsfmsmRwWaFV7YLvTGFcm,Portami via,2,Regret,other,25,3455241290,['Fabrizio Moro'],1.3368805483896237e-12,5.89392272560664e-13,2.9618937367043103e-10,2.512485111701577e-12,1.5574588320737013e-09,-1.297711582963361e-07
213,56Km1EiKJMcV0Z70xRz9qi,Estate,0,Amusement,personal,4,4746645675,['Jovanotti'],2.792881829956128e-12,1.010233915082794e-12,2.868244696431592e-09,7.399970578577726e-12,1.750254949508342e-08,5.944146702278885e-07
214,31VOknKjFrEX47bZXzqcoF,Next To Me,1,Relief,personal,4,1471582564,['Imagine Dragons'],4.480377571058738e-12,1.6083249760385408e-12,4.241004296482937e-09,1.1779963312464046e-11,2.3605954031638227e-08,5.195451293066861e-07
215,4L9io4XpkeysnBBbn6VH3r,"Marche slave (Slavonic March), Op. 31",3,Fear,personal,4,6144941167,"['Pyotr Ilyich Tchaikovsky', 'Russian National Orchestra', 'Mikhail Pletnev']",4.992687137326981e-12,1.7275902971304609e-12,5.9560043684857656e-09,1.4897596529309236e-11,3.2435620127755046e-08,-8.309210603571012e-07
216,6Tvzf3VEi16JMhAgOwdt2y,Birds,2,Sadness,personal,4,4575067398,['Imagine Dragons'],3.433377011054551e-12,1.3666596815540274e-12,6.165489081425067e-09,9.544653645414708e-12,2.8087641875839943e-08,-9.314273725215295e-08
217,7oTQ4d0UJeH8LOyvpfd5uW,I’m So Sorry,3,Anger,personal,4,1841858497,['Imagine Dragons'],3.054283731755675e-12,1.1763457307032123e-12,5.506392773273778e-09,8.258781449811802e-12,3.011994241349744e-08,-8.051020194100293e-07
218,0pVfvpMSFsabyuydMihDi1,Ho amato tutto,1,Love,other,4,7081425536,['Tosca'],2.5966529378912483e-12,1.0386989159568132e-12,5.9749049029422906e-09,8.581363361842118e-12,3.146518088569492e-08,1.998726082365425e-06
219,3spdoTYpuCpmq19tuD0bOe,My Way,1,Relief,other,4,5527955318,['Frank Sinatra'],2.7700505011362794e-12,1.0511698024125934e-12,4.9157888450551065e-09,8.583847128628106e-12,2.516838587209282e-08,3.9854047950170387e-07
220,0FB5ILDICqwK6xj7W1RP9u,Hall of Fame,0,Amusement,other,4,1424199427,['The Script'],3.0998684946263857e-12,1.1124749888439307e-12,5.935582713231533e-09,1.3226177151538298e-11,2.7402406117609625e-08,-9.802090081085253e-07
221,4qFLzh0BSi0KpPYbTWHENQ,Partirò,3,Hate,other,4,3966019638,['Nesli'],2.417424194762631e-12,9.373520930060129e-13,2.2901564307705724e-09,6.3452596776883e-12,1.505287711664995e-08,2.5590080323365983e-08
222,1PAEeikWsmjY5pB3hbuF7G,Domani - Uniti per l'Abruzzo,0,Joy,other,4,5539348641,['Unided Group'],2.774295968355686e-12,1.0731531721886453e-12,5.367035488242201e-09,5.378560117923302e-12,3.297730151732201e-08,-9.827752293196677e-07
